timestamp,open,high,low,close,volume
2025-11-03 15:06:00+00:00,29946.65271897913,29946.65271897913,29930.98746891727,29946.65271897913,99.62404209662202
2025-11-03 15:07:00+00:00,29946.65271897913,29941.886421581454,29929.17462048169,29930.614091270556,104.59043555101259
2025-11-03 15:08:00+00:00,29930.614091270556,30027.387069483484,30002.730563322308,30013.697002036908,99.22561498461359
2025-11-03 15:09:00+00:00,30013.697002036908,30046.193402956702,30017.39451669951,30031.343520321298,99.61828440106413
2025-11-03 15:10:00+00:00,30031.343520321298,30110.416637652874,30077.461422357672,30092.62132955556,95.56497324035472
2025-11-03 15:11:00+00:00,30092.62132955556,30148.121660938315,30128.928120811426,30133.372985537786,110.12513810559875
2025-11-03 15:12:00+00:00,30133.372985537786,30110.680774624307,30092.974038286095,30101.04206723923,108.16545234926132
2025-11-03 15:13:00+00:00,30101.04206723923,30152.403797155243,30129.484856164123,30139.688928822685,92.18740999115482
2025-11-03 15:14:00+00:00,30139.688928822685,30133.97705476085,30111.32634430803,30126.632689779613,83.44032487321013
2025-11-03 15:15:00+00:00,30126.632689779613,30127.196309747185,30093.38402039204,30113.23301934616,84.77020695457456
2025-11-03 15:16:00+00:00,30113.23301934616,30133.671200476845,30113.95927260455,30125.10771016801,134.0578836195965
2025-11-03 15:17:00+00:00,30125.10771016801,30039.195096000836,30022.759748286804,30039.195096000836,106.63010166428738
2025-11-03 15:18:00+00:00,30039.195096000836,30126.668613981943,30107.692569661307,30116.826355395933,118.43956359552965
2025-11-03 15:19:00+00:00,30116.826355395933,30092.73358424168,30074.17645184915,30082.427538234777,116.48946651537898
2025-11-03 15:20:00+00:00,30082.427538234777,30152.749585810605,30133.191524652746,30148.62508841366,101.91122582232137
2025-11-03 15:21:00+00:00,30148.62508841366,30175.24546205017,30144.674835167007,30162.8746023407,106.89677776892249
2025-11-03 15:22:00+00:00,30162.8746023407,30277.263186510656,30241.900636148162,30261.32822059613,108.36852154791528
2025-11-03 15:23:00+00:00,30261.32822059613,30231.656883274725,30221.012189084697,30227.43738414763,69.90096938262246
2025-11-03 15:24:00+00:00,30227.43738414763,30228.41315267066,30209.63879678135,30214.633352623172,108.61748215287137
2025-11-03 15:25:00+00:00,30214.633352623172,30255.424343927112,30222.70745995647,30241.087419927317,86.50284135066349
2025-11-03 15:26:00+00:00,30241.087419927317,30118.871061713668,30113.622984496054,30113.622984496054,85.31785415557584
2025-11-03 15:27:00+00:00,30113.622984496054,30177.293669014784,30160.555260379864,30169.509137396715,105.76946737675664
2025-11-03 15:28:00+00:00,30169.509137396715,30273.09750265673,30261.654901905826,30268.563503782407,155.71849625669145
2025-11-03 15:29:00+00:00,30268.563503782407,30349.937287006214,30325.778475069557,30342.830862440034,66.25065174705512
2025-11-03 15:30:00+00:00,30342.830862440034,30404.45309812334,30384.00132896159,30394.703123927466,59.28272432606061
2025-11-03 15:31:00+00:00,30394.703123927466,30407.739247652647,30379.208725756373,30391.908155104466,102.0643620134537
2025-11-03 15:32:00+00:00,30391.908155104466,30482.710862428474,30464.99725067083,30475.90544623273,60.059347542798754
2025-11-03 15:33:00+00:00,30475.90544623273,30549.691373897298,30538.737198241146,30547.46473868513,97.13567176121674
2025-11-03 15:34:00+00:00,30547.46473868513,30577.561374443656,30564.625815177857,30577.561374443656,58.27373499860211
2025-11-03 15:35:00+00:00,30577.561374443656,30590.64237361278,30578.674573742093,30583.98965314738,108.9935184466242
2025-11-03 15:36:00+00:00,30583.98965314738,30571.410646536653,30563.183713300503,30567.977902527968,98.82220287774695
2025-11-03 15:37:00+00:00,30567.977902527968,30509.807961379684,30491.033150473773,30498.880076975012,81.45486690096956
2025-11-03 15:38:00+00:00,30498.880076975012,30590.924137461603,30570.747074863906,30579.777093287656,124.30682115473303
2025-11-03 15:39:00+00:00,30579.777093287656,30455.117093942834,30446.69633315858,30453.05181292297,103.80031404542433
2025-11-03 15:40:00+00:00,30453.05181292297,30448.409627017216,30426.039252193234,30436.598190682245,112.57355867638836
2025-11-03 15:41:00+00:00,30436.598190682245,30461.63389989409,30431.62454571713,30452.69185058287,76.52489156023019
2025-11-03 15:42:00+00:00,30452.69185058287,30519.887834831854,30502.503429082906,30511.15378243924,107.45935755185127
2025-11-03 15:43:00+00:00,30511.15378243924,30632.15373023229,30610.23419673986,30624.756646995273,77.17750323746507
2025-11-03 15:44:00+00:00,30624.756646995273,30706.524236183915,30683.232659702393,30691.72219614507,147.50186701793473
2025-11-03 15:45:00+00:00,30691.72219614507,30692.938825284324,30664.11222730531,30679.965951336224,118.50466327497152
2025-11-03 15:46:00+00:00,30679.965951336224,30741.715880899646,30726.53061427138,30730.77980189503,103.66763758966854
2025-11-03 15:47:00+00:00,30730.77980189503,30675.14066345862,30644.876963410956,30659.386034780888,121.83834246747885
2025-11-03 15:48:00+00:00,30659.386034780888,30763.37362488258,30741.422570959956,30753.199986579355,103.18512139954865
2025-11-03 15:49:00+00:00,30753.199986579355,30760.419813809287,30737.651155532894,30749.726392661785,96.42985917284643
2025-11-03 15:50:00+00:00,30749.726392661785,30727.117034978386,30710.757065425765,30714.44051890701,103.06518528253275
2025-11-03 15:51:00+00:00,30714.44051890701,30689.97461689579,30673.647868761644,30681.326660125327,64.08901939950785
2025-11-03 15:52:00+00:00,30681.326660125327,30687.687563981934,30666.875838577747,30683.697631583313,91.15307737987342
2025-11-03 15:53:00+00:00,30683.697631583313,30684.542393924894,30663.37627542448,30665.730183512867,104.50371380022916
2025-11-03 15:54:00+00:00,30665.730183512867,30827.02193174569,30804.344156520958,30812.306850727353,85.33195841465104
2025-11-03 15:55:00+00:00,30812.306850727353,30777.714450636,30761.932497894853,30774.21167629169,141.84711232206712
2025-11-03 15:56:00+00:00,30774.21167629169,30787.45742105234,30762.538685594565,30782.373473807344,92.7722142856878
2025-11-03 15:57:00+00:00,30782.373473807344,30794.928593914723,30774.213364355834,30790.256833225743,105.04422252911228
2025-11-03 15:58:00+00:00,30790.256833225743,30800.537582442186,30781.2984673486,30798.155896433138,139.7575367295933
2025-11-03 15:59:00+00:00,30798.155896433138,30819.535014959307,30800.05993608823,30807.724628581713,115.90268760317943
2025-11-03 16:00:00+00:00,30807.724628581713,30801.725127712576,30773.258074782312,30784.21446165449,142.9664342932017
2025-11-03 16:01:00+00:00,30784.21446165449,30766.38750799754,30748.17661532073,30754.45182132117,103.22101729076186
2025-11-03 16:02:00+00:00,30754.45182132117,30725.368033639115,30699.11895835243,30707.57216443904,69.75929033943895
2025-11-03 16:03:00+00:00,30707.57216443904,30630.225817370647,30611.768299432948,30622.31722021251,50.35511503253116
2025-11-03 16:04:00+00:00,30622.31722021251,30653.00406625744,30635.489195623562,30641.689316577293,75.01669683814568
2025-11-03 16:05:00+00:00,30641.689316577293,30713.510519074505,30691.564539554973,30708.143563057827,104.30514463296457
2025-11-03 16:06:00+00:00,30708.143563057827,30691.038421132143,30670.723625022478,30680.930980232366,118.72646134576473
2025-11-03 16:07:00+00:00,30680.930980232366,30668.15991035533,30644.635062940997,30652.78950751357,119.97094297200212
2025-11-03 16:08:00+00:00,30652.78950751357,30653.08559788295,30633.946430832137,30639.517902315136,73.31718245191048
2025-11-03 16:09:00+00:00,30639.517902315136,30632.51991251165,30601.15394915035,30617.418246699184,86.38426266017201
2025-11-03 16:10:00+00:00,30617.418246699184,30543.55339004858,30522.348088413182,30535.591987106567,108.97533524321177
2025-11-03 16:11:00+00:00,30535.591987106567,30639.631102877913,30616.565524432386,30625.067869273193,55.5252357960041
2025-11-03 16:12:00+00:00,30625.067869273193,30675.332733203708,30654.156462067243,30658.081685549147,81.77913942720605
2025-11-03 16:13:00+00:00,30658.081685549147,30633.3926963951,30606.6493848629,30620.574893328183,104.3621880598423
2025-11-03 16:14:00+00:00,30620.574893328183,30647.947635329987,30635.75585674477,30644.898148667675,103.26121360832926
2025-11-03 16:15:00+00:00,30644.898148667675,30635.565825673544,30609.450809912472,30624.154171373706,118.47745849361193
2025-11-03 16:16:00+00:00,30624.154171373706,30628.537936166787,30607.29597372639,30617.316567431782,101.77701022857059
2025-11-03 16:17:00+00:00,30617.316567431782,30652.366852040326,30628.70097889224,30645.727222446374,93.30974409515166
2025-11-03 16:18:00+00:00,30645.727222446374,30715.1109937776,30700.5922913427,30710.264947638323,81.61543635957793
2025-11-03 16:19:00+00:00,30710.264947638323,30815.675229746106,30791.866999247675,30809.73697783451,105.82078998665247
2025-11-03 16:20:00+00:00,30809.73697783451,30936.63742514157,30906.94467405905,30920.89292914241,93.94463540206715
2025-11-03 16:21:00+00:00,30920.89292914241,30922.35224308443,30908.465456021946,30911.687240834326,115.07258801200115
2025-11-03 16:22:00+00:00,30911.687240834326,30905.327999499597,30878.5013803706,30886.97343398616,72.46147346722663
2025-11-03 16:23:00+00:00,30886.97343398616,30900.318453244243,30881.57220896205,30899.30335946487,135.55630637111483
2025-11-03 16:24:00+00:00,30899.30335946487,30925.527103308777,30902.071011236752,30913.414651838008,85.50244766319969
2025-11-03 16:25:00+00:00,30913.414651838008,30892.203545109496,30866.87097005363,30874.202723153165,91.62023445737661
2025-11-03 16:26:00+00:00,30874.202723153165,30861.221151877762,30831.646233253465,30842.06420403046,114.10836130135749
2025-11-03 16:27:00+00:00,30842.06420403046,30905.70307151471,30882.674800077846,30898.398697472607,112.70971413374964
2025-11-03 16:28:00+00:00,30898.398697472607,31023.99311702673,30994.175611533454,31006.036421821056,110.57808846907734
2025-11-03 16:29:00+00:00,31006.036421821056,31013.661580134274,30989.165358857896,30998.191841996584,87.61335949033081
2025-11-03 16:30:00+00:00,30998.191841996584,30980.131689475806,30962.69611536854,30964.219980530237,56.55737029295587
2025-11-03 16:31:00+00:00,30964.219980530237,30963.934558706154,30934.485619737337,30952.864087770224,96.2186665657851
2025-11-03 16:32:00+00:00,30952.864087770224,30912.501154315825,30892.099825248537,30897.450329118517,113.87717174230484
2025-11-03 16:33:00+00:00,30897.450329118517,30901.343435859704,30871.48478070707,30886.767735277772,108.53165467469111
2025-11-03 16:34:00+00:00,30886.767735277772,30926.028987694444,30916.80021051594,30919.040956982113,118.80013099530677
2025-11-03 16:35:00+00:00,30919.040956982113,30920.194672451624,30912.974046344025,30920.194672451624,92.3413656529041
2025-11-03 16:36:00+00:00,30920.194672451624,31018.43571725013,30997.0717257739,31002.725470664896,83.92784334419943
2025-11-03 16:37:00+00:00,31002.725470664896,31033.61489907624,31004.01615881947,31018.281896238506,75.67567608613598
2025-11-03 16:38:00+00:00,31018.281896238506,31068.09515744256,31047.236656942252,31054.33255486703,111.30640374217506
2025-11-03 16:39:00+00:00,31054.33255486703,31059.332997783,31038.47745398829,31051.30428961503,104.27641346725838
2025-11-03 16:40:00+00:00,31051.30428961503,31147.241289795566,31120.515050149752,31139.22082286859,98.75388097468482
2025-11-03 16:41:00+00:00,31139.22082286859,31071.505651603522,31058.707868397076,31069.322887775215,98.30974308792926
2025-11-03 16:42:00+00:00,31069.322887775215,31074.840286217615,31051.124082139177,31056.67199759733,94.17049850753097
2025-11-03 16:43:00+00:00,31056.67199759733,30999.616699668924,30981.564236858758,30989.98160354106,91.66903443744887
2025-11-03 16:44:00+00:00,30989.98160354106,31061.673724758482,31042.433243474625,31047.392001425338,113.13927139926284
2025-11-03 16:45:00+00:00,31047.392001425338,31114.728718554845,31092.211924112667,31106.402058732572,84.30951897697086
2025-11-03 16:46:00+00:00,31106.402058732572,31080.535990910048,31067.054388443186,31080.535990910048,130.32696598510057
2025-11-03 16:47:00+00:00,31080.535990910048,31203.86461999177,31178.30780649051,31189.822199441303,130.2611695644068
2025-11-03 16:48:00+00:00,31189.822199441303,31193.684052788474,31172.820952824848,31177.517028872127,134.38822614026014
2025-11-03 16:49:00+00:00,31177.517028872127,31116.881583520506,31097.492004848817,31097.492004848817,124.71059369929685
2025-11-03 16:50:00+00:00,31097.492004848817,31095.752887369472,31078.009242070326,31086.221993568048,88.33088604252487
2025-11-03 16:51:00+00:00,31086.221993568048,31122.530180283193,31106.469187441784,31114.822592955294,118.76479050346845
2025-11-03 16:52:00+00:00,31114.822592955294,31117.316250719992,31101.357148641982,31106.459425550565,97.87693089397511
2025-11-03 16:53:00+00:00,31106.459425550565,31258.515971767763,31248.11645352253,31253.62536667071,102.34917563691243
2025-11-03 16:54:00+00:00,31253.62536667071,31319.05410313292,31305.240146953514,31313.3439595983,109.28618085538199
2025-11-03 16:55:00+00:00,31313.3439595983,31441.177600586743,31414.109691205427,31428.03092550004,95.55289019091664
2025-11-03 16:56:00+00:00,31428.03092550004,31530.334785640276,31521.42783281446,31521.42783281446,99.97698182399569
2025-11-03 16:57:00+00:00,31521.42783281446,31428.884273780848,31413.950996130407,31421.45543821929,114.77931401353207
2025-11-03 16:58:00+00:00,31421.45543821929,31416.0194745864,31389.51016262724,31404.00027885547,118.98732903221583
2025-11-03 16:59:00+00:00,31404.00027885547,31247.235050468134,31238.910348368427,31238.910348368427,115.79916236172268
2025-11-03 17:00:00+00:00,31238.910348368427,31226.8777058609,31195.579681841908,31204.77267107315,150.72616677766462
2025-11-03 17:01:00+00:00,31204.77267107315,31289.202815503504,31270.45037789155,31280.606775219923,142.58579733345982
2025-11-03 17:02:00+00:00,31280.606775219923,31251.92645277598,31223.59449375684,31234.1105871338,102.01429358005889
2025-11-03 17:03:00+00:00,31234.1105871338,31214.14077662317,31181.499027278795,31200.584615089258,102.7694686536587
2025-11-03 17:04:00+00:00,31200.584615089258,31242.094605241564,31217.315927390206,31227.17588539183,108.62772462275016
2025-11-03 17:05:00+00:00,31227.17588539183,31294.431131193935,31276.044596650958,31282.592662289193,112.99931881111448
2025-11-03 17:06:00+00:00,31282.592662289193,31275.86887616733,31258.806466743034,31266.5563679098,132.4018115176693
2025-11-03 17:07:00+00:00,31266.5563679098,31266.866349566084,31246.612820690625,31256.81294757739,86.32937222132493
2025-11-03 17:08:00+00:00,31256.81294757739,31320.662014904738,31308.228776684165,31313.63668967318,87.98088924789869
2025-11-03 17:09:00+00:00,31313.63668967318,31347.711932946077,31333.53591089457,31335.8104197225,97.87905535352719
2025-11-03 17:10:00+00:00,31335.8104197225,31339.09379299763,31318.23782243459,31324.198197456684,160.71518888728667
2025-11-03 17:11:00+00:00,31324.198197456684,31350.166176546547,31341.596737738008,31350.166176546547,126.7807927731985
2025-11-03 17:12:00+00:00,31350.166176546547,31364.904714208125,31342.94229474895,31361.209053642106,68.33600056662638
2025-11-03 17:13:00+00:00,31361.209053642106,31387.4887552062,31376.64797113019,31383.45248814442,102.58709527842498
2025-11-03 17:14:00+00:00,31383.45248814442,31528.60768541947,31508.370112871995,31515.34026606584,63.40130780672687
2025-11-03 17:15:00+00:00,31515.34026606584,31515.534082395767,31499.31276686582,31502.405870985993,108.80719179738783
2025-11-03 17:16:00+00:00,31502.405870985993,31482.634981320563,31457.998350591846,31474.698694909966,96.39345330453466
2025-11-03 17:17:00+00:00,31474.698694909966,31587.50645629522,31558.14085325775,31569.980841269848,126.86134500692833
2025-11-03 17:18:00+00:00,31569.980841269848,31539.834359438242,31517.709407997845,31531.736925811634,127.11147504941549
2025-11-03 17:19:00+00:00,31531.736925811634,31659.201644033103,31634.155899606496,31646.50547817385,134.5986453871708
2025-11-03 17:20:00+00:00,31646.50547817385,31654.524551191138,31634.104237952415,31640.543415393215,107.70980804845618
2025-11-03 17:21:00+00:00,31640.543415393215,31660.724037233795,31640.50570705098,31651.544169029195,113.91078730158364
2025-11-03 17:22:00+00:00,31651.544169029195,31719.50628432657,31699.257523396052,31704.31541375136,124.44119481858226
2025-11-03 17:23:00+00:00,31704.31541375136,31795.713944633186,31775.210317269954,31787.577901663823,113.98837322040013
2025-11-03 17:24:00+00:00,31787.577901663823,31867.20584908613,31841.329694590568,31857.31976185965,84.91765645184654
2025-11-03 17:25:00+00:00,31857.31976185965,31861.25093727833,31827.79550416062,31850.716672557617,82.53398241722924
2025-11-03 17:26:00+00:00,31850.716672557617,31847.50377950957,31828.171838659287,31833.744773851937,111.29147711125779
2025-11-03 17:27:00+00:00,31833.744773851937,31879.39927889317,31846.059926067785,31862.234233867523,68.0337762107037
2025-11-03 17:28:00+00:00,31862.234233867523,31883.372751096078,31862.798578217597,31877.19158198471,134.2648531610322
2025-11-03 17:29:00+00:00,31877.19158198471,31845.69099371758,31838.437498288735,31842.619294526827,82.28247526271673
2025-11-03 17:30:00+00:00,31842.619294526827,31888.439593620984,31863.923281951524,31875.145133827173,125.0958186753609
2025-11-03 17:31:00+00:00,31875.145133827173,31944.895577200004,31928.080359418167,31944.895577200004,96.57720572057084
2025-11-03 17:32:00+00:00,31944.895577200004,31972.149971386953,31955.0645004533,31961.92263492203,69.98842726551601
2025-11-03 17:33:00+00:00,31961.92263492203,32081.16404906094,32056.08418117501,32068.291895363862,105.71176340497689
2025-11-03 17:34:00+00:00,32068.291895363862,32102.225540847867,32091.812660142754,32101.020930636656,94.2167178264606
2025-11-03 17:35:00+00:00,32101.020930636656,32103.211041486407,32085.671568727932,32097.437622022488,73.90252615178576
2025-11-03 17:36:00+00:00,32097.437622022488,32118.725211521112,32103.930543809583,32110.290391903633,122.10502499316931
2025-11-03 17:37:00+00:00,32110.290391903633,32090.133443595587,32070.282655275303,32080.741869009726,102.62392270792573
2025-11-03 17:38:00+00:00,32080.741869009726,32030.94992621238,32008.58320022193,32020.988409572492,98.97985002310392
2025-11-03 17:39:00+00:00,32020.988409572492,32069.888654191833,32050.607046996116,32057.91043513086,134.91920886982768
2025-11-03 17:40:00+00:00,32057.91043513086,32023.058306543284,32003.741515290214,32009.615172699658,70.60367715163912
2025-11-03 17:41:00+00:00,32009.615172699658,31995.15406749907,31983.403151968625,31993.07951942671,131.30145312191132
2025-11-03 17:42:00+00:00,31993.07951942671,32009.99216808945,31986.27609748322,31993.770566507956,114.72788055544355
2025-11-03 17:43:00+00:00,31993.770566507956,32033.35901828871,32014.628782651165,32024.811189807253,108.37518197436651
2025-11-03 17:44:00+00:00,32024.811189807253,32068.649480176908,32054.531787355805,32060.753403143477,49.24505816871925
2025-11-03 17:45:00+00:00,32060.753403143477,32086.18552546573,32056.16036970381,32070.642449094597,110.50177413129519
2025-11-03 17:46:00+00:00,32070.642449094597,31960.473814410743,31941.823345728568,31953.180023120065,93.63587141936054
2025-11-03 17:47:00+00:00,31953.180023120065,31951.971106751796,31943.41508141538,31946.368071761644,132.73967064671822
2025-11-03 17:48:00+00:00,31946.368071761644,31903.7540511998,31885.923336025095,31903.2060104899,98.78355989874238
2025-11-03 17:49:00+00:00,31903.2060104899,31918.77041608847,31896.64313226269,31902.481963907343,71.36175669026164
2025-11-03 17:50:00+00:00,31902.481963907343,31973.182573504553,31963.803650370508,31972.11399035003,89.02935731902946
2025-11-03 17:51:00+00:00,31972.11399035003,32033.38168487752,32014.218456910246,32029.97228111378,90.93432436612132
2025-11-03 17:52:00+00:00,32029.97228111378,32050.492620327008,32044.461640444046,32050.492620327008,107.47206652001032
2025-11-03 17:53:00+00:00,32050.492620327008,32097.320069672962,32069.01417174777,32089.322420160337,93.95207459539424
2025-11-03 17:54:00+00:00,32089.322420160337,32000.8695977074,32000.216263351995,32000.216263351995,122.67898682427466
2025-11-03 17:55:00+00:00,32000.216263351995,32034.951549779013,32019.087908694353,32019.087908694353,115.30428859638748
2025-11-03 17:56:00+00:00,32019.087908694353,32072.041060626507,32054.365886611205,32065.48425733828,88.69869271069457
2025-11-03 17:57:00+00:00,32065.48425733828,32030.771989141987,32023.79053312552,32026.612727438365,138.61216011687188
2025-11-03 17:58:00+00:00,32026.612727438365,32070.841758665283,32048.553163431614,32058.958812155364,105.64456364538495
2025-11-03 17:59:00+00:00,32058.958812155364,32045.56378951864,32035.165916691803,32040.952817707188,80.03170214188532
2025-11-03 18:00:00+00:00,32040.952817707188,32120.84347903955,32102.979844609337,32111.47538749877,88.40130116881247
2025-11-03 18:01:00+00:00,32111.47538749877,32203.6324356482,32177.637312207764,32189.083607711607,128.0934542336419
2025-11-03 18:02:00+00:00,32189.083607711607,32167.0714560301,32150.594449101234,32161.093069005718,126.41806487253213
2025-11-03 18:03:00+00:00,32161.093069005718,32269.766916747332,32252.891661321195,32261.623666703992,118.20028496774665
2025-11-03 18:04:00+00:00,32261.623666703992,32262.10773686653,32248.185633811518,32255.811393435924,81.03846001821944
2025-11-03 18:05:00+00:00,32255.811393435924,32403.71970411666,32386.3466118915,32395.28194525853,85.22836214265723
2025-11-03 18:06:00+00:00,32395.28194525853,32395.204147434943,32363.336656300737,32369.912926883775,90.63286022543723
2025-11-03 18:07:00+00:00,32369.912926883775,32380.514482137212,32364.617363485955,32380.514482137212,131.67470817993126
2025-11-03 18:08:00+00:00,32380.514482137212,32415.363128401354,32396.1177627691,32400.796951123848,99.9890084871225
2025-11-03 18:09:00+00:00,32400.796951123848,32368.916496415146,32347.24919461125,32358.624329916853,113.76281692374
2025-11-03 18:10:00+00:00,32358.624329916853,32259.952185403636,32241.774046958126,32253.43423881913,69.25000310268724
2025-11-03 18:11:00+00:00,32253.43423881913,32223.391907775153,32207.188353029513,32208.304979042106,53.2987751576773
2025-11-03 18:12:00+00:00,32208.304979042106,32300.545585088184,32272.696218934474,32284.291177354717,98.5879207374604
2025-11-03 18:13:00+00:00,32284.291177354717,32275.03118259559,32253.856464575347,32269.52649867485,110.57786730824438
2025-11-03 18:14:00+00:00,32269.52649867485,32264.457822121967,32245.993762363527,32254.895068953047,103.2654137404405
2025-11-03 18:15:00+00:00,32254.895068953047,32366.147954129872,32345.822333627515,32359.194620438695,107.9356909212624
2025-11-03 18:16:00+00:00,32359.194620438695,32409.86715355912,32387.939817325492,32397.60743030299,96.2949159963315
2025-11-03 18:17:00+00:00,32397.60743030299,32460.491974800643,32438.78671880179,32449.593172783803,104.35678392219171
2025-11-03 18:18:00+00:00,32449.593172783803,32521.128309706073,32496.93771779888,32511.2116182549,108.91496865117111
2025-11-03 18:19:00+00:00,32511.2116182549,32470.870554134097,32449.544261996845,32458.711345334985,92.9574215064852
2025-11-03 18:20:00+00:00,32458.711345334985,32485.860965087497,32460.471975489738,32473.299990478157,74.38770780519384
2025-11-03 18:21:00+00:00,32473.299990478157,32506.989987445722,32487.310899539912,32489.550726836056,94.10913709849599
2025-11-03 18:22:00+00:00,32489.550726836056,32491.42178859741,32475.223934876063,32485.725627213764,125.74597384509877
2025-11-03 18:23:00+00:00,32485.725627213764,32430.887945353366,32420.06922299064,32421.206909399672,52.77531167752975
2025-11-03 18:24:00+00:00,32421.206909399672,32480.013591646402,32449.843011518165,32457.763749589405,87.15084622210755
2025-11-03 18:25:00+00:00,32457.763749589405,32363.41835534893,32350.011960783148,32356.59531290674,99.94771164266781
2025-11-03 18:26:00+00:00,32356.59531290674,32318.593358339418,32290.35547854765,32302.426051765007,71.20325298062173
2025-11-03 18:27:00+00:00,32302.426051765007,32261.71586848813,32248.712653336333,32256.5993658336,131.8476907360362
2025-11-03 18:28:00+00:00,32256.5993658336,32250.106761431412,32217.16497752317,32236.462752234995,96.28702081442634
2025-11-03 18:29:00+00:00,32236.462752234995,32306.279628320593,32289.103766683544,32297.13774508723,106.34698298627204
2025-11-03 18:30:00+00:00,32297.13774508723,32422.67074153105,32405.91236890671,32410.609244844178,84.22315736365069
2025-11-03 18:31:00+00:00,32410.609244844178,32537.287079615737,32528.732648230445,32528.732648230445,87.78568486373094
2025-11-03 18:32:00+00:00,32528.732648230445,32604.188506898838,32577.817876191835,32587.69158629462,97.64754707509903
2025-11-03 18:33:00+00:00,32587.69158629462,32632.690583541822,32614.542181606106,32622.866340921144,90.45354823894864
2025-11-03 18:34:00+00:00,32622.866340921144,32486.116755392854,32463.092299469954,32476.941071426416,88.92416504638184
2025-11-03 18:35:00+00:00,32476.941071426416,32569.237977757773,32542.47457427899,32556.842117934404,81.53300641157861
2025-11-03 18:36:00+00:00,32556.842117934404,32741.002466046728,32720.68742248056,32734.53388298647,111.88087320208675
2025-11-03 18:37:00+00:00,32734.53388298647,32770.73018762241,32765.336261331195,32770.73018762241,70.29168590574864
2025-11-03 18:38:00+00:00,32770.73018762241,32795.12410422744,32788.83939771419,32792.623612134725,123.32625222195072
2025-11-03 18:39:00+00:00,32792.623612134725,32851.42584392316,32837.12375049354,32845.00627539584,107.39211817225801
2025-11-03 18:40:00+00:00,32845.00627539584,32918.0460692487,32893.98816500973,32899.43889757549,95.25950507177795
2025-11-03 18:41:00+00:00,32899.43889757549,32936.30926234929,32904.22610331464,32914.89612878419,111.84686089413276
2025-11-03 18:42:00+00:00,32914.89612878419,32900.15708675047,32888.37064407911,32896.87088720549,73.3695089645625
2025-11-03 18:43:00+00:00,32896.87088720549,32938.07733992989,32913.68239830188,32927.25175340843,96.38779679120489
2025-11-03 18:44:00+00:00,32927.25175340843,32850.11036662031,32836.12963625559,32843.4987064485,77.8337459195466
2025-11-03 18:45:00+00:00,32843.4987064485,32737.69431020608,32725.681024231104,32726.416458710384,98.50026690771563
2025-11-03 18:46:00+00:00,32726.416458710384,32825.6322229695,32808.61374429472,32822.03903146413,87.00279267152442
2025-11-03 18:47:00+00:00,32822.03903146413,32810.34796275702,32775.6703933491,32798.534425544254,76.59870583264419
2025-11-03 18:48:00+00:00,32798.534425544254,32858.07776851621,32838.86710291914,32852.05871311178,78.80323736250965
2025-11-03 18:49:00+00:00,32852.05871311178,32964.825227881665,32958.56336045299,32960.7723508873,105.67344387511422
2025-11-03 18:50:00+00:00,32960.7723508873,33054.535523986204,33045.247063427334,33047.80727097285,84.43817628963988
2025-11-03 18:51:00+00:00,33047.80727097285,33017.84000126528,32999.8287418673,33017.84000126528,74.97920486082117
2025-11-03 18:52:00+00:00,33017.84000126528,33059.27639890497,33036.575144546136,33045.88892243782,101.77905319201673
2025-11-03 18:53:00+00:00,33045.88892243782,32981.15233526524,32965.485153382855,32975.429338725015,107.2326921358987
2025-11-03 18:54:00+00:00,32975.429338725015,32992.62211314038,32968.00235995317,32975.12773875972,96.74880045863391
2025-11-03 18:55:00+00:00,32975.12773875972,33064.911323903114,33035.7466520619,33050.70784946029,73.32350910255343
2025-11-03 18:56:00+00:00,33050.70784946029,33075.63425955972,33048.38372534523,33059.43497085767,122.2153197004746
2025-11-03 18:57:00+00:00,33059.43497085767,32885.512284924975,32873.543765209746,32877.517542099646,98.3703744376282
2025-11-03 18:58:00+00:00,32877.517542099646,32752.739678890233,32728.575404867253,32736.061141294154,127.84723531533963
2025-11-03 18:59:00+00:00,32736.061141294154,32706.78092580791,32681.577158500942,32690.126845026123,97.28414850285665
2025-11-03 19:00:00+00:00,32690.126845026123,32791.90426628738,32776.20939727565,32783.83254831024,118.08899135646294
2025-11-03 19:01:00+00:00,32783.83254831024,32813.83482436121,32789.73078701931,32803.44287054954,66.25430120065634
2025-11-03 19:02:00+00:00,32803.44287054954,32836.62215492785,32813.635700574814,32819.27204882901,92.15014425796035
2025-11-03 19:03:00+00:00,32819.27204882901,32750.33752934211,32731.607674971532,32739.457733228926,90.41198210309386
2025-11-03 19:04:00+00:00,32739.457733228926,32762.093493998025,32737.38107284451,32755.593810503673,134.70821646100325
2025-11-03 19:05:00+00:00,32755.593810503673,32628.618717158162,32594.3985198541,32613.095689078444,88.03800382254751
2025-11-03 19:06:00+00:00,32613.095689078444,32658.07780725091,32622.408752324987,32641.914719622542,74.69923801260258
2025-11-03 19:07:00+00:00,32641.914719622542,32731.01671125371,32713.33648131479,32725.42842985509,88.71672344062745
2025-11-03 19:08:00+00:00,32725.42842985509,32690.76347608945,32664.264155229997,32678.46172443129,84.38528330846444
2025-11-03 19:09:00+00:00,32678.46172443129,32766.061814492074,32749.85914441569,32755.870208214368,98.85153964493281
2025-11-03 19:10:00+00:00,32755.870208214368,32731.0284298133,32708.760697929036,32715.25978288279,79.52429211362313
2025-11-03 19:11:00+00:00,32715.25978288279,32737.801718172967,32728.888991034113,32731.44564151557,80.33752395022178
2025-11-03 19:12:00+00:00,32731.44564151557,32745.828710308666,32716.604747165857,32729.09315702202,114.39342763930284
2025-11-03 19:13:00+00:00,32729.09315702202,32756.543182053465,32728.192317457146,32741.78337336388,54.24622007869851
2025-11-03 19:14:00+00:00,32741.78337336388,32856.52051241561,32835.33525097193,32848.32210687237,113.74891683256652
2025-11-03 19:15:00+00:00,32848.32210687237,32920.10660516032,32904.41744650627,32912.78470322277,118.71528657715407
2025-11-03 19:16:00+00:00,32912.78470322277,32878.921395216115,32866.6460956933,32874.75586000608,118.62759995916363
2025-11-03 19:17:00+00:00,32874.75586000608,32716.78361576009,32684.765752504652,32699.535894870907,66.31378714262415
2025-11-03 19:18:00+00:00,32699.535894870907,32769.80499737684,32759.628401546244,32764.595112387768,69.86245323924538
2025-11-03 19:19:00+00:00,32764.595112387768,32830.329556486504,32810.16629070241,32821.206404148244,96.81332939929939
2025-11-03 19:20:00+00:00,32821.206404148244,32858.32113983788,32822.47040939355,32838.63522145585,100.54079638152338
2025-11-03 19:21:00+00:00,32838.63522145585,32822.67177697903,32795.8574422564,32808.542502407385,68.06586589526029
2025-11-03 19:22:00+00:00,32808.542502407385,32931.658666327094,32907.92642188997,32919.98707397312,121.57514256404764
2025-11-03 19:23:00+00:00,32919.98707397312,32820.29119581728,32796.312031525114,32808.90108839187,133.21112364226818
2025-11-03 19:24:00+00:00,32808.90108839187,32773.08919184109,32751.59750059031,32763.993685734662,86.84248455076008
2025-11-03 19:25:00+00:00,32763.993685734662,32677.600188148554,32665.11054546779,32674.459829056774,92.50438091825399
2025-11-03 19:26:00+00:00,32674.459829056774,32718.278348419648,32703.632569499958,32705.259238432325,135.4469006178599
2025-11-03 19:27:00+00:00,32705.259238432325,32685.68495172703,32680.598360989014,32681.283502259867,106.04317354779678
2025-11-03 19:28:00+00:00,32681.283502259867,32846.737200359275,32814.43823596316,32825.812581613245,105.7525198484696
2025-11-03 19:29:00+00:00,32825.812581613245,32835.47127015086,32824.70567429191,32833.54676535051,103.29853877156374
2025-11-03 19:30:00+00:00,32833.54676535051,32833.08919335504,32805.33236724789,32824.43171279722,59.39521191892749
2025-11-03 19:31:00+00:00,32824.43171279722,32878.868644241964,32857.8522610261,32868.59372952543,79.15347375256025
2025-11-03 19:32:00+00:00,32868.59372952543,32834.09646636367,32806.20164949805,32827.034889251736,125.96731179738366
2025-11-03 19:33:00+00:00,32827.034889251736,32772.722638709616,32756.566254142763,32762.437242841563,76.5640007181164
2025-11-03 19:34:00+00:00,32762.437242841563,32817.65723619966,32786.77431599398,32804.045929547174,121.51931427868321
2025-11-03 19:35:00+00:00,32804.045929547174,32795.99860080188,32765.943202313087,32778.523174978756,112.30215487745647
2025-11-03 19:36:00+00:00,32778.523174978756,32859.96490520185,32832.1824532952,32849.060888048014,81.90464985587546
2025-11-03 19:37:00+00:00,32849.060888048014,32887.75030574021,32871.75182307836,32877.625114793256,114.98990958313314
2025-11-03 19:38:00+00:00,32877.625114793256,32903.869617680146,32885.66184921517,32891.85593377717,110.22093588204831
2025-11-03 19:39:00+00:00,32891.85593377717,32913.35832946873,32895.4925058354,32902.937224171365,138.01529017915038
2025-11-03 19:40:00+00:00,32902.937224171365,32910.25385614094,32886.16605720365,32903.83808576134,103.05432142459527
2025-11-03 19:41:00+00:00,32903.83808576134,32947.44112520513,32924.57720291613,32937.2373584206,102.97959125148397
2025-11-03 19:42:00+00:00,32937.2373584206,32934.11694882502,32901.218843451614,32917.65775286801,77.569774289739
2025-11-03 19:43:00+00:00,32917.65775286801,32806.07072909398,32790.65899990401,32795.355177801364,138.51225187015356
2025-11-03 19:44:00+00:00,32795.355177801364,32817.20938707645,32788.56056808552,32807.01721240788,55.728232901019055
2025-11-03 19:45:00+00:00,32807.01721240788,32792.86701961588,32766.9340137101,32783.356979844444,102.40411545612194
2025-11-03 19:46:00+00:00,32783.356979844444,32712.717949422105,32692.59017677803,32699.63349277156,107.30184807190754
2025-11-03 19:47:00+00:00,32699.63349277156,32769.51112748968,32750.799467340345,32757.229643503528,108.58821506254672
2025-11-03 19:48:00+00:00,32757.229643503528,32751.326386695695,32729.048509538236,32738.869482872942,108.93166104287216
2025-11-03 19:49:00+00:00,32738.869482872942,32639.676813201044,32618.262677679944,32631.143247843233,98.41562523488456
2025-11-03 19:50:00+00:00,32631.143247843233,32632.790110583886,32623.606158955943,32632.790110583886,132.48489934045688
2025-11-03 19:51:00+00:00,32632.790110583886,32602.28986000401,32582.03903737452,32595.27769138569,122.97937285104392
2025-11-03 19:52:00+00:00,32595.27769138569,32500.81837305738,32486.66101266858,32490.871937880675,119.78059445769247
2025-11-03 19:53:00+00:00,32490.871937880675,32523.18803352254,32500.93727265104,32517.656545395464,148.85626449244089
2025-11-03 19:54:00+00:00,32517.656545395464,32469.392069454858,32439.82305791989,32455.836637312837,86.09041462237566
2025-11-03 19:55:00+00:00,32455.836637312837,32514.561354189213,32494.445833150272,32508.95845526229,95.74680871410216
2025-11-03 19:56:00+00:00,32508.95845526229,32457.10735305745,32452.215588573337,32457.10735305745,103.6799820114823
2025-11-03 19:57:00+00:00,32457.10735305745,32541.295542839824,32512.109832072536,32527.02297371446,72.88090176345584
2025-11-03 19:58:00+00:00,32527.02297371446,32570.13251592135,32556.703085197056,32561.203897789896,124.15751756921622
2025-11-03 19:59:00+00:00,32561.203897789896,32584.919682346626,32557.794450354075,32574.789076539575,91.54947143421451
2025-11-03 20:00:00+00:00,32574.789076539575,32533.205530525942,32528.304273808546,32532.061677778485,102.09038400887707
2025-11-03 20:01:00+00:00,32532.061677778485,32605.722073094843,32588.414160583798,32597.438800778622,108.00238125558401
2025-11-03 20:02:00+00:00,32597.438800778622,32646.135785840423,32622.55906699667,32636.78752939838,99.66394804525694
2025-11-03 20:03:00+00:00,32636.78752939838,32630.09806144068,32614.85158739294,32619.6597916156,80.31954356882602
2025-11-03 20:04:00+00:00,32619.6597916156,32678.69134359651,32663.594391083425,32664.06410598298,106.36424423882636
2025-11-03 20:05:00+00:00,32664.06410598298,32610.46635381175,32596.195726413014,32603.597557986373,77.26635564935775
2025-11-03 20:06:00+00:00,32603.597557986373,32535.591077899095,32519.056363893098,32526.66833574408,100.55231281136751
2025-11-03 20:07:00+00:00,32526.66833574408,32545.587165277826,32519.26150629082,32526.95675191397,91.62610807385482
2025-11-03 20:08:00+00:00,32526.95675191397,32547.419141912524,32527.47362776994,32538.088567834642,111.66838163156457
2025-11-03 20:09:00+00:00,32538.088567834642,32589.77681770886,32562.83718984245,32572.44271076721,110.61497328024474
2025-11-03 20:10:00+00:00,32572.44271076721,32584.470397715464,32572.94758561058,32583.194667010033,94.11306104598079
2025-11-03 20:11:00+00:00,32583.194667010033,32679.756654782526,32664.974198112504,32670.56412295105,112.47720478869417
2025-11-03 20:12:00+00:00,32670.56412295105,32609.072256978052,32585.09056172471,32592.77527120917,113.80199863190224
2025-11-03 20:13:00+00:00,32592.77527120917,32649.942367620566,32624.291354513833,32636.340486694564,113.01526282205889
2025-11-03 20:14:00+00:00,32636.340486694564,32675.33472974443,32652.39452255316,32657.596080724958,71.00806785065777
2025-11-03 20:15:00+00:00,32657.596080724958,32760.95534452875,32748.547158514193,32752.70877955672,48.60654532853851
2025-11-03 20:16:00+00:00,32752.70877955672,32778.207235674534,32757.79731381111,32767.44199146339,98.48655979264993
2025-11-03 20:17:00+00:00,32767.44199146339,32794.724411155476,32773.618413577155,32794.724411155476,54.73865110950073
2025-11-03 20:18:00+00:00,32794.724411155476,32919.81617354553,32896.01099456319,32916.804999688255,106.05766193547268
2025-11-03 20:19:00+00:00,32916.804999688255,32988.5384096165,32975.811068990595,32975.811068990595,69.47616577844418
2025-11-03 20:20:00+00:00,32975.811068990595,33029.46167105592,33014.92977711251,33022.541468797586,108.36609197996873
2025-11-03 20:21:00+00:00,33022.541468797586,33017.71979661826,32994.26229944564,33003.379603792484,76.28990095959412
2025-11-03 20:22:00+00:00,33003.379603792484,33027.691829374395,33009.95438800071,33019.15191912798,58.961295539750836
2025-11-03 20:23:00+00:00,33019.15191912798,32929.44054499604,32907.061022629096,32916.63321138166,59.571339664488875
2025-11-03 20:24:00+00:00,32916.63321138166,32873.48919002825,32860.87918426357,32867.67133933448,103.6815951334336
2025-11-03 20:25:00+00:00,32867.67133933448,32921.5628609794,32907.95405324936,32916.775202769284,58.508812436743305
2025-11-03 20:26:00+00:00,32916.775202769284,32821.74885934834,32802.22099289902,32806.22957253971,111.75087363822047
2025-11-03 20:27:00+00:00,32806.22957253971,32831.802732776014,32817.13867949442,32818.88568942583,104.0011136664471
2025-11-03 20:28:00+00:00,32818.88568942583,32836.72497582575,32822.3674722558,32826.62006934306,128.3642387353937
2025-11-03 20:29:00+00:00,32826.62006934306,32873.02249456709,32848.93399290154,32858.73098928285,127.03844793470137
2025-11-03 20:30:00+00:00,32858.73098928285,32768.384571969415,32740.777045611492,32753.826359018476,129.29052722428452
2025-11-03 20:31:00+00:00,32753.826359018476,32643.153010573704,32605.708550123858,32627.340187661048,76.12724097887096
2025-11-03 20:32:00+00:00,32627.340187661048,32714.682245993547,32699.785649205875,32706.269775381057,90.68433650166372
2025-11-03 20:33:00+00:00,32706.269775381057,32726.366251936022,32705.286589403007,32720.053491689596,115.60860969288463
2025-11-03 20:34:00+00:00,32720.053491689596,32763.73109445246,32743.860273425445,32753.438552647593,89.63143548365544
2025-11-03 20:35:00+00:00,32753.438552647593,32877.7164194673,32857.8741598036,32865.8897224841,102.45341671797398
2025-11-03 20:36:00+00:00,32865.8897224841,32887.29339672394,32870.59379243851,32883.88958463856,72.8002575002632
2025-11-03 20:37:00+00:00,32883.88958463856,32761.288652464464,32752.109591685545,32761.288652464464,109.9334544046129
2025-11-03 20:38:00+00:00,32761.288652464464,32759.48412467765,32741.337013991964,32747.392076411437,100.41253517314534
2025-11-03 20:39:00+00:00,32747.392076411437,32823.75702121724,32801.281678312414,32807.540805496006,77.87455660785328
2025-11-03 20:40:00+00:00,32807.540805496006,32796.875889627045,32781.16975348903,32786.188948243085,125.99860206458257
2025-11-03 20:41:00+00:00,32786.188948243085,32781.64860435431,32768.375929043556,32772.88615597539,76.51570369024438
2025-11-03 20:42:00+00:00,32772.88615597539,32750.988631972436,32727.843491141168,32740.01118463324,111.44603775702564
2025-11-03 20:43:00+00:00,32740.01118463324,32853.79078230825,32831.742120263545,32842.67571083182,122.74152429117451
2025-11-03 20:44:00+00:00,32842.67571083182,32935.885575087035,32926.57991673724,32930.910990244556,99.17592801320308
2025-11-03 20:45:00+00:00,32930.910990244556,32829.731402122285,32815.85096095569,32818.30028752095,98.27721654506644
2025-11-03 20:46:00+00:00,32818.30028752095,32965.85181226429,32935.198106082746,32949.85486340084,120.93980555617537
2025-11-03 20:47:00+00:00,32949.85486340084,32917.50701034534,32896.4979059898,32905.433023798214,127.44938098557037
2025-11-03 20:48:00+00:00,32905.433023798214,33054.80124259742,33036.23398785015,33045.454792933866,98.2699694029137
2025-11-03 20:49:00+00:00,33045.454792933866,32979.07028301524,32956.163548710545,32965.22476974474,86.80219117649328
2025-11-03 20:50:00+00:00,32965.22476974474,33057.563787230145,33035.219898781914,33044.447904846355,76.63506617229486
2025-11-03 20:51:00+00:00,33044.447904846355,33018.54951233078,33008.285816495365,33013.62206275599,85.91024157182326
2025-11-03 20:52:00+00:00,33013.62206275599,33026.53210271191,32994.271312825265,33009.94295825778,131.29224537101254
2025-11-03 20:53:00+00:00,33009.94295825778,33089.05359189307,33059.59014450078,33074.865204914364,63.35347984266339
2025-11-03 20:54:00+00:00,33074.865204914364,33044.342970463906,33021.94425417894,33032.552109892604,85.54512063627793
2025-11-03 20:55:00+00:00,33032.552109892604,33072.41560604012,33059.9897854092,33059.9897854092,71.19226864743602
2025-11-03 20:56:00+00:00,33059.9897854092,33098.14363668857,33076.81678646299,33086.931311007116,80.01089720798228
2025-11-03 20:57:00+00:00,33086.931311007116,33178.75999803817,33162.25338804507,33172.37937539597,101.42208483830677
2025-11-03 20:58:00+00:00,33172.37937539597,33282.988760811044,33256.65532579161,33269.68439262352,97.74558142057546
2025-11-03 20:59:00+00:00,33269.68439262352,33411.649952952095,33389.008854324384,33401.3667605933,90.88130706427125
2025-11-03 21:00:00+00:00,33401.3667605933,33444.070451629486,33412.33595424717,33428.34639161913,100.85547912280254
2025-11-03 21:01:00+00:00,33428.34639161913,33469.81735744721,33453.43256098467,33462.35784074236,103.55642245613126
2025-11-03 21:02:00+00:00,33462.35784074236,33437.24831851903,33430.997329152495,33430.997329152495,67.58653925113812
2025-11-03 21:03:00+00:00,33430.997329152495,33392.09657661951,33367.398183440426,33386.408280505304,102.0349527710421
2025-11-03 21:04:00+00:00,33386.408280505304,33320.16838166665,33285.123645711545,33304.86732416655,83.54040684271297
2025-11-03 21:05:00+00:00,33304.86732416655,33306.33232540617,33283.61936552316,33296.45561506799,86.09331493646066
2025-11-03 21:06:00+00:00,33296.45561506799,33320.869905227206,33311.54698729677,33313.53019677396,87.49281670749367
2025-11-03 21:07:00+00:00,33313.53019677396,33325.28288123653,33307.349812211876,33321.53990503325,73.55556778341808
2025-11-03 21:08:00+00:00,33321.53990503325,33389.23020393615,33356.67257823822,33366.412164947535,62.11508936452191
2025-11-03 21:09:00+00:00,33366.412164947535,33293.137350949924,33278.711017002264,33282.58266044069,96.58823004060038
2025-11-03 21:10:00+00:00,33282.58266044069,33411.493203295526,33390.97043389675,33404.57025773326,108.40620443740474
2025-11-03 21:11:00+00:00,33404.57025773326,33439.48613323932,33408.56349284131,33431.76886904189,89.18568887229549
2025-11-03 21:12:00+00:00,33431.76886904189,33527.463550185115,33500.79871109847,33511.55068817306,71.60571167332765
2025-11-03 21:13:00+00:00,33511.55068817306,33550.013324743384,33531.475085984406,33541.39255840389,106.29310273579026
2025-11-03 21:14:00+00:00,33541.39255840389,33493.978097864296,33484.74073882482,33489.301780895454,124.07719071290401
2025-11-03 21:15:00+00:00,33489.301780895454,33483.77040020234,33466.24699752403,33474.17363944236,97.21420501365267
2025-11-03 21:16:00+00:00,33474.17363944236,33278.272463549285,33240.71704837537,33260.053987889296,134.27230738517284
2025-11-03 21:17:00+00:00,33260.053987889296,33297.227021687366,33272.36881266872,33280.93143679761,92.98295468705257
2025-11-03 21:18:00+00:00,33280.93143679761,33299.6419296986,33275.70329744639,33282.974482630314,104.73905263011866
2025-11-03 21:19:00+00:00,33282.974482630314,33377.04654168139,33362.948821993916,33370.37653961385,96.88463727999591
2025-11-03 21:20:00+00:00,33370.37653961385,33262.69075257939,33248.21286831238,33259.856505640906,115.3029417919676
2025-11-03 21:21:00+00:00,33259.856505640906,33269.41928502213,33256.73731695635,33261.28100846009,108.85352466389088
2025-11-03 21:22:00+00:00,33261.28100846009,33255.57267088127,33235.26587344378,33247.6167716102,118.09890495196777
2025-11-03 21:23:00+00:00,33247.6167716102,33180.31828061971,33164.3206601594,33170.27035206558,102.88042828085973
2025-11-03 21:24:00+00:00,33170.27035206558,33094.130059371135,33066.22007270723,33079.50590515037,118.10256238709493
2025-11-03 21:25:00+00:00,33079.50590515037,33015.572075951175,32989.7556077225,33008.351476220014,118.30236483540308
2025-11-03 21:26:00+00:00,33008.351476220014,33086.07142988058,33072.503152982834,33079.90616922756,95.81434655259989
2025-11-03 21:27:00+00:00,33079.90616922756,33156.25606970706,33139.99681617263,33151.70908584391,91.13136544376721
2025-11-03 21:28:00+00:00,33151.70908584391,33076.535238651195,33048.524776080725,33062.866085148584,61.46847547623906
2025-11-03 21:29:00+00:00,33062.866085148584,33070.52246333145,33044.97703613239,33058.453402179475,122.53399926154847
2025-11-03 21:30:00+00:00,33058.453402179475,33110.86306872339,33083.68801978333,33096.364051189055,105.44802397081862
2025-11-03 21:31:00+00:00,33096.364051189055,33128.14107792984,33107.962679686025,33124.53964088452,81.77445066837015
2025-11-03 21:32:00+00:00,33124.53964088452,33038.18360983729,33030.566824194175,33030.566824194175,111.03362915433885
2025-11-03 21:33:00+00:00,33030.566824194175,33013.87848510753,32988.153744215975,32997.425646564996,134.6670940128305
2025-11-03 21:34:00+00:00,32997.425646564996,32921.30324927362,32903.97348889429,32909.27397446564,111.7711937847925
2025-11-03 21:35:00+00:00,32909.27397446564,32998.66628926616,32970.71552245924,32982.75453061407,114.38048646274508
2025-11-03 21:36:00+00:00,32982.75453061407,33175.38017122217,33143.65791235223,33160.55174907901,121.91451845270967
2025-11-03 21:37:00+00:00,33160.55174907901,33177.55679223412,33152.51709825641,33163.87636042849,108.96560728219369
2025-11-03 21:38:00+00:00,33163.87636042849,33035.13614233379,33020.89752975107,33028.190841437805,122.33513700693523
2025-11-03 21:39:00+00:00,33028.190841437805,33098.30118822717,33075.74269297544,33088.867784358925,88.572765517212
2025-11-03 21:40:00+00:00,33088.867784358925,33210.10344515411,33176.56318495462,33198.51344128541,96.40111629993748
2025-11-03 21:41:00+00:00,33198.51344128541,33325.07997220536,33294.34362699351,33303.3325846137,69.56075922450673
2025-11-03 21:42:00+00:00,33303.3325846137,33334.669615632534,33311.65615056141,33320.95939483287,93.60675949061007
2025-11-03 21:43:00+00:00,33320.95939483287,33372.46140230771,33350.53146425094,33362.93148635454,96.2751953805306
2025-11-03 21:44:00+00:00,33362.93148635454,33386.86480938696,33366.390447091835,33375.933249363145,91.1811779647696
2025-11-03 21:45:00+00:00,33375.933249363145,33442.87295568313,33415.74290529053,33430.70688313012,94.31865048510029
2025-11-03 21:46:00+00:00,33430.70688313012,33509.37713242506,33496.04314351356,33500.337315314966,65.85159161495878
2025-11-03 21:47:00+00:00,33500.337315314966,33470.2146664294,33449.200100501585,33456.54717760498,98.76646746459043
2025-11-03 21:48:00+00:00,33456.54717760498,33439.50445598825,33423.99342898901,33423.99342898901,120.25216192908334
2025-11-03 21:49:00+00:00,33423.99342898901,33430.160191889714,33397.356627530695,33407.83831120689,117.93546735036995
2025-11-03 21:50:00+00:00,33407.83831120689,33416.774180705455,33387.912461329885,33399.13225886695,98.18861437946829
2025-11-03 21:51:00+00:00,33399.13225886695,33430.20270027463,33412.20387087585,33418.61935882951,114.72511958854021
2025-11-03 21:52:00+00:00,33418.61935882951,33507.00166827123,33494.33218144596,33500.071168978895,95.6450872243518
2025-11-03 21:53:00+00:00,33500.071168978895,33423.219697067216,33407.795861394006,33419.230803922925,112.26566437446733
2025-11-03 21:54:00+00:00,33419.230803922925,33502.30834203875,33463.67114054718,33487.306180622196,108.61615715829002
2025-11-03 21:55:00+00:00,33487.306180622196,33496.98472636398,33477.21317706107,33480.8088980652,98.0829638635286
2025-11-03 21:56:00+00:00,33480.8088980652,33313.091814208165,33283.215384734234,33295.58499958753,63.71963103983745
2025-11-03 21:57:00+00:00,33295.58499958753,33287.33640388453,33266.670196009036,33275.693587592395,56.84211309246727
2025-11-03 21:58:00+00:00,33275.693587592395,33274.362810435334,33264.18775621964,33264.18775621964,111.10975288971548
2025-11-03 21:59:00+00:00,33264.18775621964,33316.99972187218,33292.770718998436,33307.31212271833,80.24593141803277
2025-11-03 22:00:00+00:00,33307.31212271833,33367.459491607784,33342.55932123682,33353.24686371617,114.44813822183791
2025-11-03 22:01:00+00:00,33353.24686371617,33359.492888526474,33353.165345508656,33359.492888526474,139.89995058827637
2025-11-03 22:02:00+00:00,33359.492888526474,33313.178291891956,33302.35121948844,33311.82590288415,115.51961266653848
2025-11-03 22:03:00+00:00,33311.82590288415,33381.965095028936,33375.06472708712,33381.965095028936,95.57263286964599
2025-11-03 22:04:00+00:00,33381.965095028936,33351.260584501564,33326.52424432538,33343.43360395128,119.55100557172443
2025-11-03 22:05:00+00:00,33343.43360395128,33280.26535240806,33265.06300691544,33270.848459511784,131.6339376189995
2025-11-03 22:06:00+00:00,33270.848459511784,33250.83253028042,33232.98175600642,33234.8166301244,99.32714272957404
2025-11-03 22:07:00+00:00,33234.8166301244,33215.912521209895,33195.90663624468,33205.66276011805,124.33567963681254
2025-11-03 22:08:00+00:00,33205.66276011805,33217.405637439726,33198.235089375,33204.72552720569,105.20750716334724
2025-11-03 22:09:00+00:00,33204.72552720569,33191.045535270445,33162.806945325625,33181.6181310452,109.60507497348026
2025-11-03 22:10:00+00:00,33181.6181310452,33171.64161685625,33155.08505608363,33164.073613815875,78.74108799333078
2025-11-03 22:11:00+00:00,33164.073613815875,33224.43519140612,33203.247602274125,33219.896965595566,95.13559073333485
2025-11-03 22:12:00+00:00,33219.896965595566,33290.742816148544,33270.07371895831,33279.460290678595,84.26763210891696
2025-11-03 22:13:00+00:00,33279.460290678595,33331.43553810944,33318.83211086099,33321.58227085402,94.0992500617795
2025-11-03 22:14:00+00:00,33321.58227085402,33312.34849044293,33285.835440423005,33307.624220752754,86.3212117291386
2025-11-03 22:15:00+00:00,33307.624220752754,33277.05160622694,33263.07104265549,33269.8362274047,114.98718380547362
2025-11-03 22:16:00+00:00,33269.8362274047,33265.73021121008,33253.44559513104,33261.0680319514,78.66026390959092
2025-11-03 22:17:00+00:00,33261.0680319514,33263.71618219322,33241.419550091465,33257.96179001225,85.6552970135364
2025-11-03 22:18:00+00:00,33257.96179001225,33336.80872759394,33304.23197303038,33320.58301213925,105.64523719188361
2025-11-03 22:19:00+00:00,33320.58301213925,33320.45727745897,33295.55353764586,33308.57308709396,92.94765335411282
2025-11-03 22:20:00+00:00,33308.57308709396,33247.61842102611,33222.34477834633,33234.97958277122,87.57734690178975
2025-11-03 22:21:00+00:00,33234.97958277122,33191.23439246602,33165.998824444854,33185.97297030579,124.05788686408424
2025-11-03 22:22:00+00:00,33185.97297030579,33316.83898134852,33291.149232170275,33309.70258498305,94.01393157911039
2025-11-03 22:23:00+00:00,33309.70258498305,33270.34436609671,33239.28117819325,33254.231218393325,128.24854801519484
2025-11-03 22:24:00+00:00,33254.231218393325,33183.42174948522,33165.66471698738,33176.82888199996,79.28271938468771
2025-11-03 22:25:00+00:00,33176.82888199996,33171.000694031434,33164.11090935782,33164.11090935782,42.170651062084005
2025-11-03 22:26:00+00:00,33164.11090935782,33300.89327615571,33275.45883652166,33287.55204670079,101.20065548726846
2025-11-03 22:27:00+00:00,33287.55204670079,33316.51998669174,33292.74644342533,33300.63011017539,102.36601751410916
2025-11-03 22:28:00+00:00,33300.63011017539,33342.95950247972,33307.417876977175,33326.781001384625,130.24362348714914
2025-11-03 22:29:00+00:00,33326.781001384625,33239.47778288504,33218.77010172878,33228.36283683093,80.24493528267983
2025-11-03 22:30:00+00:00,33228.36283683093,33142.31615749399,33126.28581573601,33135.40141159983,103.45887234434215
2025-11-03 22:31:00+00:00,33135.40141159983,33153.68296312277,33133.138191522754,33141.871382314624,78.39247785791322
2025-11-03 22:32:00+00:00,33141.871382314624,33130.73674409065,33104.89299570058,33118.16754859144,107.64576428267941
2025-11-03 22:33:00+00:00,33118.16754859144,33159.52274033638,33141.95905460432,33150.60089143359,119.51165016438603
2025-11-03 22:34:00+00:00,33150.60089143359,33092.983074742195,33070.4290533641,33084.13555707071,104.67003608837986
2025-11-03 22:35:00+00:00,33084.13555707071,33174.256110045804,33143.1249719456,33160.43081623629,84.46435063557689
2025-11-03 22:36:00+00:00,33160.43081623629,33276.93077884453,33245.91936278882,33257.09173403869,106.02402737441288
2025-11-03 22:37:00+00:00,33257.09173403869,33162.48717998651,33146.55271344939,33160.852009917515,129.08604835555596
2025-11-03 22:38:00+00:00,33160.852009917515,33193.9575410372,33169.83788779979,33183.74211875684,117.6288235283916
2025-11-03 22:39:00+00:00,33183.74211875684,33173.961276039256,33157.85641551656,33171.84749943884,88.34798931608994
2025-11-03 22:40:00+00:00,33171.84749943884,33284.562435030275,33271.40396890265,33274.18970913741,74.14285843342157
2025-11-03 22:41:00+00:00,33274.18970913741,33304.34194475591,33289.26953559377,33295.87312677886,100.64517091941687
2025-11-03 22:42:00+00:00,33295.87312677886,33386.21441768021,33353.598114221,33366.01101200311,116.71198656729437
2025-11-03 22:43:00+00:00,33366.01101200311,33380.314283049345,33354.86813514185,33367.59454351187,105.12170254584058
2025-11-03 22:44:00+00:00,33367.59454351187,33399.93104736445,33384.15666772471,33395.23553732009,84.2902326137633
2025-11-03 22:45:00+00:00,33395.23553732009,33562.18320439964,33544.36708630748,33544.36708630748,82.80549124227895
2025-11-03 22:46:00+00:00,33544.36708630748,33692.67208562663,33684.966307262526,33690.37638832159,113.73715658037344
2025-11-03 22:47:00+00:00,33690.37638832159,33596.29588102206,33582.45910311545,33582.80745249796,97.98047759035192
2025-11-03 22:48:00+00:00,33582.80745249796,33634.22496897425,33596.387573540465,33615.13048152913,75.58425860354374
2025-11-03 22:49:00+00:00,33615.13048152913,33650.11252443562,33635.69516503626,33638.07544212155,84.32804954446588
2025-11-03 22:50:00+00:00,33638.07544212155,33586.2195893773,33561.73303997141,33572.5629396492,110.42586391121834
2025-11-03 22:51:00+00:00,33572.5629396492,33540.47316770892,33513.401552099436,33527.70956263166,108.1086036460177
2025-11-03 22:52:00+00:00,33527.70956263166,33556.25627920442,33541.10168362999,33546.81620736534,90.3301711422796
2025-11-03 22:53:00+00:00,33546.81620736534,33629.22819529715,33613.962942679864,33617.667271155726,109.79856215216631
2025-11-03 22:54:00+00:00,33617.667271155726,33662.1948665935,33650.20373054453,33659.56248733861,93.46683076099393
2025-11-03 22:55:00+00:00,33659.56248733861,33651.108064875145,33638.10556049852,33638.10556049852,76.05186224916744
2025-11-03 22:56:00+00:00,33638.10556049852,33580.14664217181,33563.934706876455,33573.44198668132,118.01246843000337
2025-11-03 22:57:00+00:00,33573.44198668132,33454.001199707935,33432.86337959239,33439.59869919211,94.31044348699986
2025-11-03 22:58:00+00:00,33439.59869919211,33557.83941699893,33537.29382744077,33549.28130528328,90.97775201814281
2025-11-03 22:59:00+00:00,33549.28130528328,33528.27909588959,33518.63431374826,33518.63431374826,137.22365478269998
2025-11-03 23:00:00+00:00,33518.63431374826,33476.82138925321,33454.46890097788,33467.72412496272,124.32820894026669
2025-11-03 23:01:00+00:00,33467.72412496272,33503.1266610347,33482.05228254285,33497.01689689113,106.54646626345358
2025-11-03 23:02:00+00:00,33497.01689689113,33510.783764199005,33492.2900064988,33497.96181763445,72.2565961562669
2025-11-03 23:03:00+00:00,33497.96181763445,33512.418562662795,33491.646783176286,33503.54537881688,116.64270446494665
2025-11-03 23:04:00+00:00,33503.54537881688,33559.224054506754,33544.526909382286,33554.28110230936,99.73040038944082
2025-11-03 23:05:00+00:00,33554.28110230936,33536.21979323193,33510.395376235014,33528.36259203753,88.83799678975947
2025-11-03 23:06:00+00:00,33528.36259203753,33473.38811599237,33450.31501406276,33464.14300313884,63.119313159907804
2025-11-03 23:07:00+00:00,33464.14300313884,33473.431982174225,33451.652794927104,33461.29591185683,135.9961138194534
2025-11-03 23:08:00+00:00,33461.29591185683,33483.521992295406,33470.95784727384,33472.37735564451,73.3958153003818
2025-11-03 23:09:00+00:00,33472.37735564451,33413.994408170365,33402.917819596136,33406.20689382629,128.47171958155948
2025-11-03 23:10:00+00:00,33406.20689382629,33350.559327402465,33331.37634220969,33339.05162458288,102.50474987946552
2025-11-03 23:11:00+00:00,33339.05162458288,33297.18859564225,33270.06169750215,33275.88194213388,78.93680196565221
2025-11-03 23:12:00+00:00,33275.88194213388,33345.56885149786,33330.13983609835,33336.831459120236,111.93313735650281
2025-11-03 23:13:00+00:00,33336.831459120236,33435.802637730405,33420.09692859528,33435.802637730405,83.36769917970855
2025-11-03 23:14:00+00:00,33435.802637730405,33532.00293291293,33516.696034521425,33527.649471365185,82.55902722334672
2025-11-03 23:15:00+00:00,33527.649471365185,33479.91077852104,33458.018768054026,33473.12524345634,97.00163090735074
2025-11-03 23:16:00+00:00,33473.12524345634,33449.35264585301,33423.263865656976,33433.37914842772,92.67399737766418
2025-11-03 23:17:00+00:00,33433.37914842772,33370.839270552955,33345.27755428738,33354.662542132406,80.95008170056657
2025-11-03 23:18:00+00:00,33354.662542132406,33491.450300555494,33477.26292571721,33483.85497266676,101.28759922382987
2025-11-03 23:19:00+00:00,33483.85497266676,33469.272051725464,33454.06868444525,33458.12414665223,109.9250933494877
2025-11-03 23:20:00+00:00,33458.12414665223,33471.80761459163,33451.539756920116,33462.30323150748,120.15189113684562
2025-11-03 23:21:00+00:00,33462.30323150748,33440.91045449291,33420.090418410065,33437.14408356343,81.80408610626881
2025-11-03 23:22:00+00:00,33437.14408356343,33465.48417910748,33445.342027034065,33455.032040234815,94.43207809022061
2025-11-03 23:23:00+00:00,33455.032040234815,33403.41318155871,33377.80371018893,33391.5598923673,73.4425827609972
2025-11-03 23:24:00+00:00,33391.5598923673,33361.49130065108,33351.73069283384,33356.80763849632,124.7599640512654
2025-11-03 23:25:00+00:00,33356.80763849632,33313.824317058235,33294.24758900619,33302.62873820519,124.37759079073149
